{
  "Temperature": {
    "method": "zscore",
    "mean": 7.154802777777778,
    "std": 2.775778808679558
  }
}